{"cameraMode":{"drawMode":0,"name":"Shaded","section":"Shading Mode"},"sceneLighting":false,"audioPlay":false,"sceneViewState":{"m_AlwaysRefresh":false,"showFog":false,"showSkybox":false,"showFlares":false,"showImageEffects":false,"showParticleSystems":false,"showVisualEffectGraphs":true,"m_FxEnabled":true},"in2DMode":false,"pivot":{"x":-0.1166771650314331,"y":0.8246252536773682,"z":0.006700754165649414},"rotation":{"x":0.04285917803645134,"y":-0.38669660687446597,"z":0.01799432933330536,"w":0.921036958694458},"size":1.759807825088501,"orthographic":false}